,Date,MinTemp,MaxTemp,Precipitation,Sunshine,MaxWindDir,MaxWindSpeed,MaxWindTime,9amTemp,9amHumidity,9amCloud,9amWindDir,9amWindSpeed,3pmTemp,3pmHumidity,3pmCloud,3pmWindDir,3pmWindSpeed,WeatherType,Day,Month,MaxTemp_avg,MinTemp_avg,Wind_avg,Cloud_avg,Humidity_avg,PrevDayWind,PrevDayPrecip,PrevDayCloud,PrevDaySunshine,PrevDayHumidity,Week_Day_Max,Week_Day_Min
0,2023-08-19,9.4,18.2,0.2,4.2,W,35.0,12:19,13.5,76,7,WNW,9,17.4,60,7.0,W,13,Windy,19,8,14.442857142857141,8.585714285714285,33.0,7.0,68.0,37.0,5.4,5.5,4.0,66.0,0.7935635792778649,0.9133738601823708
1,2023-08-21,11.5,17.8,0.0,6.2,N,48.0,12:13,14.6,73,6,N,13,16.4,64,6.0,N,24,Windy,21,8,14.914285714285713,8.285714285714286,33.0,6.0,68.5,35.0,0.2,7.0,4.2,68.0,0.8378812199036917,0.7204968944099379
2,2023-08-22,13.2,14.3,0.0,0.6,NNW,39.0,01:35,14.3,77,8,W,7,11.7,97,8.0,SSW,13,Cloudy,22,8,15.014285714285714,9.1,33.714285714285715,8.0,87.0,48.0,0.0,6.0,6.2,68.5,1.0499500499500498,0.6893939393939394
3,2023-08-24,8.6,17.9,0.0,10.1,N,39.0,14:20,11.4,72,5,N,9,16.8,48,4.0,N,22,Windy,24,8,15.142857142857142,9.757142857142856,36.42857142857143,4.5,60.0,39.0,0.0,8.0,0.6,87.0,0.8459696727853153,1.1345514950166113
4,2023-08-25,11.1,19.8,0.0,7.8,N,39.0,07:38,13.7,63,6,N,15,18.6,43,6.0,S,9,Windy,25,8,15.742857142857144,9.700000000000001,39.285714285714285,6.0,53.0,39.0,0.0,4.5,10.1,60.0,0.7950937950937951,0.873873873873874
5,2023-08-26,11.1,15.5,0.0,0.4,SSE,22.0,04:27,12.1,65,7,ESE,9,14.6,62,7.0,SW,7,Cloudy,26,8,16.285714285714285,9.714285714285714,40.142857142857146,7.0,63.5,39.0,0.0,6.0,7.8,53.0,1.0506912442396312,0.8751608751608752
6,2023-08-29,10.8,18.4,0.2,1.3,N,41.0,18:12,16.6,66,7,N,15,17.5,66,7.0,N,17,Windy,29,8,16.714285714285715,10.542857142857143,37.0,7.0,66.0,22.0,0.0,7.0,0.4,63.5,0.908385093167702,0.9761904761904762
7,2023-08-30,12.7,14.9,3.8,2.7,N,44.0,02:19,12.8,100,7,SW,6,12.1,84,7.0,W,13,Rainy,30,8,17.414285714285715,10.814285714285713,37.57142857142857,7.0,92.0,41.0,0.2,7.0,1.3,66.0,1.168744007670182,0.8515185601799775
8,2023-09-04,9.7,21.6,0.0,4.3,N,69.0,11:21,18.8,39,6,N,13,20.7,41,7.0,N,19,Windy,4,9,16.942857142857143,11.285714285714286,38.857142857142854,6.5,40.0,44.0,3.8,7.0,2.7,92.0,0.7843915343915343,1.1634756995581739
9,2023-09-05,6.7,15.1,2.8,6.2,NW,48.0,10:52,10.5,72,6,NNW,15,14.3,46,4.0,WSW,9,Windy,5,9,17.485714285714284,11.028571428571428,41.857142857142854,5.0,59.0,69.0,0.0,6.5,4.3,40.0,1.1579943235572374,1.6460554371002132
10,2023-09-08,8.4,11.7,4.0,0.0,NNW,70.0,10:21,11.2,60,7,NNW,19,11.5,62,7.0,WNW,17,Rainy,8,9,17.599999999999998,10.1,43.142857142857146,7.0,61.0,48.0,2.8,5.0,6.2,59.0,1.5042735042735043,1.2023809523809523
11,2023-09-12,10.2,23.3,0.0,9.0,NW,28.0,11:29,15.9,57,7,NE,9,22.3,33,2.0,S,9,Sunny,12,9,16.714285714285715,10.071428571428571,47.57142857142857,4.5,45.0,70.0,4.0,7.0,0.0,61.0,0.7173513182096873,0.9873949579831933
12,2023-09-14,10.5,23.9,0.0,8.2,N,44.0,13:58,18.4,63,7,N,17,23.3,37,7.0,N,20,Sunny,14,9,18.585714285714285,9.671428571428573,45.714285714285715,7.0,50.0,20.0,0.0,7.0,10.1,48.5,0.7776449491930664,0.9210884353741497
13,2023-09-15,15.1,22.4,0.0,10.0,N,41.0,00:08,18.5,48,5,WNW,4,20.7,43,1.0,SSW,13,Sunny,15,9,19.37142857142857,9.62857142857143,46.142857142857146,3.0,45.5,44.0,0.0,7.0,8.2,50.0,0.8647959183673469,0.6376537369914854
14,2023-09-16,9.6,25.0,0.0,11.0,NNW,48.0,14:43,17.8,51,0,N,17,24.3,32,1.0,NNW,24,Sunny,16,9,20.442857142857143,9.971428571428572,45.714285714285715,0.5,41.5,41.0,0.0,3.0,10.0,45.5,0.8177142857142857,1.0386904761904763
15,2023-09-17,12.6,23.1,0.0,10.1,NNW,30.0,10:26,18.4,54,1,NW,9,22.2,43,3.0,S,11,Sunny,17,9,20.928571428571427,9.957142857142857,42.714285714285715,2.0,48.5,48.0,0.0,0.5,11.0,41.5,0.9059987631416202,0.790249433106576
16,2023-09-20,13.2,19.0,0.0,0.7,W,43.0,13:40,14.8,66,7,WNW,13,16.4,33,7.0,WNW,9,Cloudy,20,9,22.071428571428573,10.799999999999999,40.142857142857146,7.0,49.5,30.0,0.0,2.0,10.1,48.5,1.161654135338346,0.8181818181818181
17,2023-09-24,7.2,23.8,0.0,11.3,NNE,39.0,13:29,13.4,76,0,NE,9,23.2,34,0.0,N,20,Sunny,24,9,23.11428571428571,11.485714285714284,36.285714285714285,0.0,55.0,43.0,0.0,7.0,0.7,49.5,0.9711884753901558,1.595238095238095
18,2023-09-25,13.4,23.4,0.0,8.3,SSW,41.0,11:32,20.0,43,3,NW,7,17.2,65,1.0,SSW,17,Sunny,25,9,23.185714285714287,11.057142857142859,37.857142857142854,2.0,54.0,39.0,0.0,0.0,11.3,55.0,0.990842490842491,0.8251599147121537
19,2023-09-27,10.2,17.3,0.0,6.8,S,35.0,14:59,12.7,73,7,WNW,4,15.6,66,5.0,SSW,17,Windy,27,9,22.942857142857143,11.657142857142857,40.857142857142854,6.0,69.5,41.0,0.0,2.0,8.3,54.0,1.3261767134599505,1.1428571428571428
20,2023-09-29,8.0,27.8,0.0,10.9,NNW,28.0,11:12,16.4,50,1,NE,9,26.9,17,1.0,SSW,7,Sunny,29,9,22.0,11.614285714285714,39.57142857142857,1.0,33.5,35.0,0.0,6.0,6.8,69.5,0.7913669064748201,1.4517857142857142
21,2023-09-30,15.4,29.7,0.0,10.6,N,48.0,12:58,21.8,29,1,N,19,28.8,19,1.0,NNW,20,Sunny,30,9,22.771428571428572,10.6,37.714285714285715,1.0,24.0,28.0,0.0,1.0,10.9,33.5,0.7667147667147668,0.6883116883116883
22,2023-10-02,7.4,28.5,0.0,11.4,NNW,41.0,13:17,10.3,77,1,NNE,11,25.8,27,2.0,NNW,19,Sunny,2,10,23.442857142857143,11.428571428571429,37.714285714285715,1.5,52.0,48.0,0.0,1.0,10.6,24.0,0.8225563909774436,1.5444015444015444
23,2023-10-03,10.3,19.2,3.0,0.0,N,48.0,02:58,19.0,81,7,N,17,16.4,94,8.0,WSW,7,Rainy,3,10,24.214285714285715,10.685714285714285,39.285714285714285,7.5,87.5,41.0,0.0,1.5,11.4,52.0,1.2611607142857144,1.0374479889042993
24,2023-10-04,10.5,13.5,22.8,0.1,S,37.0,22:44,11.3,100,8,S,9,12.7,77,7.0,S,15,Rainy,4,10,24.242857142857144,10.271428571428572,40.0,7.5,88.5,48.0,3.0,7.5,0.0,87.5,1.795767195767196,0.9782312925170069
25,2023-10-05,8.8,16.5,6.8,2.7,SSW,39.0,22:15,11.3,63,4,W,11,16.0,54,7.0,WNW,11,Rainy,5,10,22.771428571428572,10.742857142857142,39.714285714285715,5.5,58.5,37.0,22.8,7.5,0.1,88.5,1.38008658008658,1.2207792207792205
26,2023-10-06,10.0,15.2,7.2,8.7,SSE,37.0,15:44,11.7,64,6,SSW,15,14.2,55,4.0,SSW,17,Windy,6,10,21.785714285714285,10.085714285714287,39.42857142857143,5.0,59.5,39.0,6.8,5.5,2.7,58.5,1.4332706766917294,1.0085714285714287
27,2023-10-07,7.7,14.3,0.4,1.6,SSE,30.0,15:06,11.6,61,7,SSE,2,13.5,57,7.0,SSW,13,Cloudy,7,10,21.485714285714288,10.057142857142859,39.714285714285715,7.0,59.0,37.0,7.2,5.0,8.7,59.5,1.5024975024975025,1.306122448979592
28,2023-10-11,6.9,26.2,0.0,11.5,N,43.0,16:06,11.8,77,0,NE,11,25.6,37,3.0,NNW,24,Sunny,11,10,19.557142857142857,10.014285714285716,40.0,1.5,57.0,30.0,0.4,7.0,1.6,59.0,0.7464558342420938,1.451345755693582
29,2023-10-12,11.8,16.1,1.2,2.3,N,46.0,04:02,14.5,87,8,SW,9,15.5,57,6.0,SW,13,Windy,12,10,19.057142857142857,8.8,39.285714285714285,7.0,72.0,43.0,0.0,1.5,11.5,57.0,1.183673469387755,0.7457627118644068
30,2023-10-13,10.6,17.5,13.4,0.5,WNW,37.0,12:44,13.2,73,7,W,6,16.9,70,7.0,WSW,11,Rainy,13,10,17.285714285714285,9.428571428571429,40.0,7.0,71.5,46.0,1.2,7.0,2.3,72.0,0.9877551020408163,0.8894878706199462
31,2023-10-14,11.6,19.6,2.2,3.5,WNW,41.0,09:46,14.1,63,7,WNW,15,18.3,50,7.0,W,13,Windy,14,10,17.042857142857144,9.471428571428572,38.42857142857143,7.0,56.5,37.0,13.4,7.0,0.5,71.5,0.869533527696793,0.8165024630541873
32,2023-10-15,11.5,17.2,0.0,1.5,NW,30.0,09:17,12.7,71,7,NNW,11,16.2,52,7.0,S,11,Cloudy,15,10,17.914285714285715,9.62857142857143,39.0,7.0,61.5,41.0,2.2,7.0,3.5,56.5,1.041528239202658,0.8372670807453417
33,2023-10-16,10.1,14.7,5.0,9.7,SSW,50.0,16:11,10.9,71,7,SW,13,14.2,54,6.0,SSW,26,Windy,16,10,18.014285714285716,10.014285714285716,37.714285714285715,6.5,62.5,30.0,0.0,7.0,1.5,61.5,1.2254616132167155,0.9915134370579917
34,2023-10-17,10.3,16.1,0.8,9.6,SSW,31.0,16:07,12.7,62,7,SE,9,15.7,59,2.0,SSW,13,Windy,17,10,17.942857142857143,10.028571428571428,39.57142857142857,4.5,60.5,50.0,5.0,6.5,9.7,62.5,1.1144631765749777,0.9736477115117891
35,2023-10-19,11.2,27.1,0.0,11.6,NNE,24.0,11:08,16.4,67,1,NE,9,25.8,34,2.0,N,6,Sunny,19,10,18.2,10.4,39.714285714285715,1.5,50.5,31.0,0.8,4.5,9.6,60.5,0.6715867158671586,0.9285714285714287
36,2023-10-20,14.3,29.5,0.0,10.6,N,30.0,16:11,18.8,60,1,NE,9,28.3,29,5.0,NNE,13,Sunny,20,10,18.32857142857143,11.014285714285714,37.0,3.0,44.5,24.0,0.0,1.5,11.6,50.5,0.6213075060532688,0.7702297702297702
37,2023-10-21,18.8,22.1,0.0,2.6,SW,44.0,17:37,20.0,53,7,SW,20,19.7,52,7.0,SSW,15,Cloudy,21,10,20.242857142857144,11.37142857142857,34.714285714285715,7.0,52.5,30.0,0.0,3.0,10.6,44.5,0.9159663865546218,0.6048632218844984
38,2023-10-22,11.6,15.5,0.2,0.7,NW,48.0,09:26,14.0,68,7,NW,13,15.2,66,7.0,W,15,Windy,22,10,20.900000000000002,12.542857142857144,35.714285714285715,7.0,67.0,44.0,0.0,7.0,2.6,52.5,1.3483870967741938,1.08128078817734
39,2023-10-23,10.6,18.1,2.4,3.2,WSW,33.0,02:09,12.3,68,7,WSW,11,15.7,64,7.0,SSW,13,Windy,23,10,20.314285714285713,12.542857142857143,36.714285714285715,7.0,66.0,48.0,0.2,7.0,0.7,67.0,1.1223362273086028,1.1832884097035041
40,2023-10-24,12.3,25.3,0.0,7.8,N,57.0,07:38,17.6,49,7,N,28,24.8,29,7.0,NNW,20,Sunny,24,10,20.442857142857143,12.414285714285713,37.142857142857146,7.0,39.0,33.0,2.4,7.0,3.2,66.0,0.8080180688876341,1.0092915214866434
41,2023-10-26,7.3,15.1,8.2,7.5,S,43.0,08:26,10.5,82,7,SSW,7,14.1,58,7.0,S,20,Windy,26,10,21.95714285714286,12.728571428571428,38.142857142857146,7.0,70.0,57.0,0.0,7.0,7.8,39.0,1.4541154210028384,1.7436399217221135
42,2023-10-28,9.5,23.3,0.0,7.1,N,57.0,07:02,15.4,52,6,N,22,20.3,43,7.0,N,24,Sunny,28,10,21.814285714285717,12.3,39.857142857142854,6.5,47.5,43.0,8.2,7.0,7.5,70.0,0.9362354383813613,1.2947368421052632
43,2023-10-30,12.4,23.2,0.0,8.0,N,46.0,13:21,16.5,53,2,W,7,21.5,35,5.0,NW,26,Sunny,30,10,21.271428571428572,12.057142857142859,44.57142857142857,3.5,44.0,57.0,0.0,6.5,7.1,47.5,0.9168719211822661,0.9723502304147467
44,2023-11-04,11.2,20.9,0.0,8.4,SE,39.0,20:28,13.1,65,8,SSE,13,17.0,72,2.0,SSW,17,Windy,4,11,20.37142857142857,11.785714285714286,46.857142857142854,5.0,68.5,46.0,0.0,3.5,8.0,44.0,0.9747095010252905,1.052295918367347
45,2023-11-05,9.3,23.9,0.0,11.9,SSE,30.0,17:27,14.6,72,2,WNW,6,20.6,55,1.0,SSW,13,Sunny,5,11,20.2,10.700000000000001,46.142857142857146,1.5,63.5,39.0,0.0,5.0,8.4,68.5,0.8451882845188284,1.1505376344086022
46,2023-11-06,12.6,29.8,0.0,10.8,NNW,33.0,11:50,19.1,58,5,N,9,29.1,32,7.0,NNW,20,Sunny,6,11,21.400000000000002,10.37142857142857,43.57142857142857,6.0,45.0,30.0,0.0,1.5,11.9,63.5,0.7181208053691276,0.8231292517006802
47,2023-11-07,15.5,30.6,0.0,10.3,N,43.0,10:47,22.6,54,1,SE,6,29.9,31,2.0,N,24,Sunny,7,11,23.071428571428573,10.657142857142858,43.57142857142857,1.5,42.5,33.0,0.0,6.0,10.8,45.0,0.753968253968254,0.687557603686636
48,2023-11-10,13.7,33.1,0.0,12.8,N,35.0,13:33,20.5,70,2,NE,6,30.0,35,4.0,SSW,7,Sunny,10,11,23.82857142857143,11.114285714285714,41.57142857142857,3.0,52.5,43.0,0.0,1.5,10.3,42.5,0.7198964177816142,0.8112617309697602
49,2023-11-13,11.8,20.6,0.4,10.1,SSW,31.0,16:56,14.2,64,6,SSW,11,18.1,47,0.0,SSW,9,Windy,13,11,26.400000000000002,12.028571428571428,40.42857142857143,3.0,55.5,35.0,0.0,3.0,12.8,52.5,1.2815533980582525,1.0193704600484261
50,2023-11-14,12.7,16.8,0.6,0.9,SSW,24.0,00:30,12.8,80,8,WSW,7,15.9,65,7.0,S,13,Cloudy,14,11,26.014285714285712,12.357142857142858,36.714285714285715,7.5,72.5,31.0,0.4,3.0,10.1,55.5,1.548469387755102,0.9730033745781779
51,2023-11-23,15.2,26.5,0.0,7.0,SE,30.0,17:54,16.9,73,7,ESE,9,22.1,65,7.0,SSW,11,Sunny,23,11,25.1,12.4,33.57142857142857,7.0,69.0,24.0,0.6,7.5,0.9,72.5,0.9471698113207547,0.8157894736842106
52,2023-11-26,15.1,19.8,3.8,1.9,S,30.0,18:26,15.3,100,7,SW,9,19.1,73,7.0,SSW,11,Rainy,26,11,25.900000000000002,12.971428571428572,32.285714285714285,7.0,86.5,30.0,0.0,7.0,7.0,69.0,1.3080808080808082,0.859035004730369
53,2023-11-27,13.7,18.5,7.2,0.5,S,30.0,12:08,14.1,100,8,SSW,9,17.4,69,7.0,SSW,13,Rainy,27,11,25.314285714285713,13.799999999999999,32.285714285714285,7.5,84.5,30.0,3.8,7.0,1.9,86.5,1.3683397683397682,1.0072992700729926
54,2023-11-29,14.4,19.1,2.8,0.0,SE,57.0,15:23,16.8,96,8,SE,20,17.7,87,8.0,SE,20,Rainy,29,11,23.7,13.957142857142857,31.857142857142858,8.0,91.5,30.0,7.2,7.5,0.5,84.5,1.2408376963350785,0.9692460317460317
55,2023-11-30,14.4,18.8,6.8,0.0,SE,43.0,10:25,16.5,76,8,SSE,15,17.8,67,8.0,SSE,15,Rainy,30,11,22.05714285714286,13.799999999999999,33.857142857142854,8.0,71.5,57.0,2.8,8.0,0.0,91.5,1.1732522796352585,0.9583333333333333
56,2023-12-02,15.5,16.7,2.8,0.0,S,33.0,09:53,15.7,100,8,S,9,16.0,98,8.0,S,13,Rainy,2,12,20.014285714285712,13.9,35.0,8.0,99.0,43.0,6.8,8.0,0.0,71.5,1.1984602224123182,0.8967741935483872
57,2023-12-04,13.1,32.6,0.0,12.9,NW,35.0,12:23,19.6,69,4,NNE,9,30.5,29,6.0,N,20,Sunny,4,12,19.457142857142856,14.428571428571429,35.285714285714285,5.0,49.0,33.0,2.8,8.0,0.0,99.0,0.5968448729184924,1.1014176663031625
58,2023-12-05,15.6,24.5,0.0,12.3,SSW,35.0,16:34,19.2,71,3,SSW,7,21.5,62,4.0,SSW,17,Sunny,5,12,21.714285714285715,14.485714285714286,36.857142857142854,3.5,66.5,35.0,0.0,5.0,12.9,49.0,0.8862973760932945,0.9285714285714286
59,2023-12-06,15.0,22.7,0.0,11.1,SSW,30.0,17:05,18.8,60,6,S,11,21.0,53,3.0,SSW,11,Sunny,6,12,21.428571428571427,14.542857142857143,37.57142857142857,4.5,56.5,35.0,0.0,3.5,12.3,66.5,0.9439899307740717,0.9695238095238096
60,2023-12-09,16.9,17.9,2.6,0.0,SE,30.0,18:09,17.1,89,8,W,2,16.2,100,8.0,S,11,Rainy,9,12,21.842857142857145,14.528571428571428,37.57142857142857,8.0,94.5,30.0,0.0,4.5,11.1,56.5,1.220271348762969,0.8596787827557059
61,2023-12-10,14.4,19.5,11.8,0.0,SSE,39.0,01:40,16.2,81,8,S,9,18.9,77,8.0,SSW,9,Rainy,10,12,21.757142857142856,14.985714285714286,37.57142857142857,8.0,79.0,30.0,2.6,8.0,0.0,94.5,1.1157509157509158,1.0406746031746033
62,2023-12-11,16.1,20.2,0.4,0.0,S,28.0,04:28,17.9,100,8,S,7,18.6,100,8.0,S,7,Cloudy,11,12,21.814285714285713,14.985714285714284,35.0,8.0,100.0,39.0,11.8,8.0,0.0,79.0,1.07991513437058,0.9307897071872225
63,2023-12-15,14.4,23.4,0.0,10.9,S,30.0,17:20,17.4,63,4,NW,7,21.5,42,7.0,S,9,Sunny,15,12,22.014285714285712,15.228571428571428,32.857142857142854,5.5,52.5,28.0,0.4,8.0,0.0,100.0,0.9407814407814408,1.0575396825396826
64,2023-12-16,13.4,22.7,0.0,6.9,NNW,31.0,07:56,15.8,56,7,NW,17,22.6,35,7.0,W,9,Sunny,16,12,22.97142857142857,15.071428571428571,32.42857142857143,7.0,45.5,30.0,0.0,5.5,10.9,52.5,1.011957205789805,1.124733475479744
65,2023-12-17,12.2,25.2,0.0,12.9,SSW,28.0,14:08,17.8,60,1,SSE,6,21.5,48,1.0,SSW,11,Sunny,17,12,21.557142857142857,15.114285714285716,31.857142857142858,1.0,54.0,31.0,0.0,7.0,6.9,45.5,0.8554421768707483,1.2388758782201408
66,2023-12-18,15.9,26.2,0.0,0.3,SW,31.0,19:25,21.1,58,7,NNE,7,24.7,42,7.0,NNE,7,Cloudy,18,12,21.657142857142855,14.62857142857143,30.857142857142858,7.0,50.0,28.0,0.0,1.0,12.9,54.0,0.8266085059978189,0.9200359389038635
67,2023-12-21,14.9,25.7,0.0,10.4,SE,44.0,17:40,19.6,60,2,ESE,13,24.0,43,5.0,SE,17,Sunny,21,12,22.157142857142855,14.757142857142856,31.0,3.5,51.5,31.0,0.0,7.0,0.3,50.0,0.8621456364647025,0.9904122722914669
68,2023-12-22,14.3,24.4,0.0,13.2,SSE,39.0,17:28,19.4,44,4,ESE,11,22.8,44,5.0,SSW,13,Sunny,22,12,23.271428571428572,14.471428571428573,33.0,4.5,44.0,44.0,0.0,3.5,10.4,51.5,0.9537470725995317,1.011988011988012
69,2023-12-23,12.6,22.8,0.0,13.0,SSW,37.0,15:54,16.7,61,1,E,4,21.5,55,2.0,S,20,Sunny,23,12,23.97142857142857,14.457142857142857,33.0,1.5,58.0,39.0,0.0,4.5,13.2,44.0,1.0513784461152882,1.1473922902494331
70,2024-01-01,12.6,23.2,0.0,11.4,SSW,31.0,14:35,17.6,65,7,SW,4,22.5,60,7.0,SSW,13,Sunny,1,1,24.342857142857138,13.957142857142856,34.285714285714285,7.0,62.5,37.0,0.0,1.5,13.0,58.0,1.049261083743842,1.1077097505668934
71,2024-01-06,16.7,32.6,0.0,9.4,N,35.0,09:33,21.7,68,6,ENE,2,31.7,36,7.0,NNW,7,Sunny,6,1,24.314285714285717,13.700000000000001,34.42857142857143,6.5,52.0,31.0,0.0,7.0,11.4,62.5,0.7458369851007888,0.8203592814371259
72,2024-01-07,21.4,27.2,0.0,0.2,NNE,43.0,09:21,26.1,50,7,N,15,20.5,95,8.0,NNE,11,Cloudy,7,1,25.728571428571428,14.171428571428569,35.0,7.5,72.5,35.0,0.0,6.5,9.4,52.0,0.9459033613445378,0.6622162883845126
73,2024-01-11,17.5,23.1,0.0,10.0,S,41.0,14:44,19.2,63,7,SSE,7,22.3,65,4.0,SSW,19,Sunny,11,1,26.014285714285712,15.485714285714286,37.142857142857146,5.5,64.0,43.0,0.0,7.5,0.2,72.5,1.126159554730983,0.8848979591836734
74,2024-01-12,16.3,33.4,0.0,12.5,NNW,31.0,11:32,20.6,74,1,N,9,27.8,60,6.0,SSW,13,Sunny,12,1,25.571428571428573,15.714285714285714,38.57142857142857,3.5,67.0,41.0,0.0,5.5,10.0,64.0,0.765611633875107,0.9640666082383873
75,2024-01-13,19.1,21.7,0.0,0.5,S,31.0,16:22,20.7,73,8,SSE,9,18.7,82,8.0,S,11,Cloudy,13,1,26.67142857142857,15.914285714285713,36.714285714285715,8.0,77.5,31.0,0.0,3.5,12.5,67.0,1.229098090849243,0.8332086761406132
76,2024-01-15,17.2,30.2,0.0,10.1,SSW,31.0,14:50,21.5,68,5,NNW,6,28.1,47,2.0,S,13,Sunny,15,1,26.285714285714285,16.6,35.57142857142857,3.5,57.5,31.0,0.0,8.0,0.5,77.5,0.8703878902554399,0.9651162790697676
77,2024-01-16,20.6,31.9,0.0,12.5,N,44.0,10:21,24.2,50,1,N,17,30.1,44,1.0,N,20,Sunny,16,1,27.342857142857145,17.25714285714286,34.714285714285715,1.0,47.0,31.0,0.0,3.5,10.1,57.5,0.8571428571428572,0.8377253814147019
78,2024-01-20,14.1,28.7,0.0,2.7,N,43.0,17:47,15.8,82,7,NNE,11,26.3,41,7.0,N,17,Cloudy,20,1,28.585714285714285,18.400000000000002,36.57142857142857,7.0,61.5,44.0,0.0,1.0,12.5,47.0,0.9960179193628671,1.3049645390070923
79,2024-01-23,12.8,31.7,0.0,12.6,N,28.0,16:28,16.4,75,7,NNE,7,29.8,32,4.0,N,11,Sunny,23,1,28.02857142857143,18.02857142857143,37.714285714285715,5.5,53.5,43.0,0.0,7.0,2.7,61.5,0.8841820639927895,1.4084821428571428
80,2024-01-27,12.1,24.7,0.0,10.1,S,37.0,15:43,16.4,63,1,NW,9,24.0,38,4.0,SW,13,Sunny,27,1,28.77142857142857,16.785714285714285,33.142857142857146,2.5,50.5,24.0,0.0,7.0,0.6,61.0,1.1648351648351647,1.3872491145218417
81,2024-01-28,15.5,26.3,0.0,11.2,S,24.0,14:42,18.6,68,7,WSW,9,24.2,52,3.0,SSE,9,Sunny,28,1,27.528571428571432,16.185714285714287,34.0,5.0,60.0,37.0,0.0,2.5,10.1,50.5,1.0467137425312332,1.0442396313364055
82,2024-01-29,16.9,27.2,0.0,11.7,SSW,41.0,18:11,20.6,77,1,N,6,24.0,66,1.0,SSW,17,Sunny,29,1,28.185714285714283,15.671428571428569,33.0,1.0,71.5,24.0,0.0,5.0,11.2,60.0,1.0362394957983192,0.9273034657650041
83,2024-01-30,18.1,23.3,0.0,10.7,SSW,41.0,15:49,19.0,70,7,SSE,13,21.5,65,1.0,SSW,15,Sunny,30,1,27.75714285714286,15.62857142857143,34.42857142857143,4.0,67.5,41.0,0.0,1.0,11.7,71.5,1.1912936848559168,0.8634569850039463
84,2024-02-01,15.3,24.3,0.0,11.1,S,35.0,14:25,18.3,68,7,W,9,23.7,55,1.0,SSW,13,Sunny,1,2,26.52857142857143,15.271428571428572,34.0,4.0,61.5,41.0,0.0,4.0,10.7,67.5,1.091710758377425,0.9981325863678805
85,2024-02-03,12.1,33.4,0.0,13.0,SSW,30.0,16:46,17.0,65,0,NNE,11,29.9,28,0.0,SSW,9,Sunny,3,2,25.900000000000002,15.442857142857145,32.857142857142854,0.0,46.5,35.0,0.0,4.0,11.1,61.5,0.7754491017964072,1.2762691853600947
86,2024-02-04,15.2,37.5,0.0,12.6,N,50.0,13:15,19.5,68,1,NNE,9,35.6,22,1.0,NNW,24,Sunny,4,2,26.142857142857142,15.342857142857142,33.142857142857146,1.0,45.0,30.0,0.0,0.0,13.0,46.5,0.6971428571428572,1.0093984962406015
87,2024-02-05,19.5,19.9,0.0,0.0,S,35.0,06:40,19.6,78,7,SSW,9,18.4,64,7.0,S,13,Cloudy,5,2,28.1,15.028571428571428,36.857142857142854,7.0,71.0,50.0,0.0,1.0,12.6,45.0,1.412060301507538,0.7706959706959707
88,2024-02-08,14.6,22.4,0.0,10.9,SSW,31.0,15:16,16.9,71,7,SE,13,21.4,59,1.0,SSW,13,Sunny,8,2,27.41428571428571,16.085714285714285,36.57142857142857,4.0,65.0,35.0,0.0,7.0,0.0,71.0,1.2238520408163265,1.101761252446184
89,2024-02-10,15.1,26.7,0.0,9.6,SE,33.0,01:20,17.1,67,7,SSE,9,25.6,46,1.0,WSW,7,Sunny,10,2,26.857142857142858,15.957142857142857,37.57142857142857,4.0,56.5,31.0,0.0,4.0,10.9,65.0,1.0058855002675229,1.0567644276253547
90,2024-02-11,17.1,33.2,0.0,12.2,NNW,50.0,17:25,23.5,54,0,N,20,31.3,38,1.0,N,20,Sunny,11,2,26.785714285714285,15.700000000000001,36.42857142857143,0.5,46.0,33.0,0.0,4.0,9.6,56.5,0.8067986230636832,0.9181286549707602
91,2024-02-12,18.7,35.8,0.0,12.2,NNW,50.0,13:26,25.2,53,0,NE,7,35.4,29,3.0,NNW,22,Sunny,12,2,28.2,15.557142857142859,37.714285714285715,1.5,41.0,50.0,0.0,0.5,12.2,46.0,0.7877094972067039,0.8319327731092439
92,2024-02-13,20.0,36.7,0.0,9.0,N,54.0,09:58,29.3,41,1,N,24,32.9,39,6.0,N,19,Sunny,13,2,29.842857142857138,16.04285714285714,39.857142857142854,3.5,40.0,50.0,0.0,1.5,12.2,41.0,0.8131568703775787,0.802142857142857
93,2024-02-16,12.8,22.9,0.0,8.6,SSW,35.0,16:58,15.7,72,8,NNE,7,21.5,59,7.0,SSW,15,Sunny,16,2,30.314285714285713,17.17142857142857,43.285714285714285,7.5,65.5,54.0,0.0,3.5,9.0,40.0,1.323767935121647,1.341517857142857
94,2024-02-17,14.1,23.1,0.0,7.6,SSW,31.0,15:44,17.3,81,8,NNE,4,22.1,59,7.0,SSW,15,Sunny,17,2,28.228571428571428,16.82857142857143,41.142857142857146,7.5,70.0,35.0,0.0,7.5,8.6,65.5,1.2220160791589363,1.193515704154002
95,2024-02-19,17.4,22.2,0.0,9.5,SSW,33.0,15:57,18.2,65,7,SSE,9,21.4,61,1.0,SSW,13,Sunny,19,2,28.685714285714283,16.057142857142857,40.57142857142857,4.0,63.0,31.0,0.0,7.5,7.6,70.0,1.292149292149292,0.9228243021346471
96,2024-02-21,19.3,33.9,0.0,10.8,N,41.0,11:15,24.7,52,4,NNE,9,33.3,31,2.0,NNE,20,Sunny,21,2,29.014285714285712,16.614285714285714,40.142857142857146,3.0,41.5,28.0,0.0,6.0,8.9,63.5,0.8558786346396966,0.8608438193930421
97,2024-02-22,21.5,35.9,0.0,8.0,N,57.0,13:34,27.2,45,7,N,22,35.7,32,2.0,N,24,Sunny,22,2,29.114285714285717,16.928571428571427,38.857142857142854,4.5,38.5,41.0,0.0,3.0,10.8,41.5,0.8109828889773181,0.787375415282392
98,2024-02-25,11.7,30.9,0.0,9.5,S,41.0,19:31,17.5,68,4,N,11,30.6,27,7.0,SSW,9,Sunny,25,2,29.128571428571426,17.32857142857143,39.857142857142854,5.5,47.5,57.0,0.0,4.5,8.0,38.5,0.9426722145168747,1.4810744810744811
99,2024-03-01,14.4,28.1,0.0,11.0,SSW,37.0,16:13,18.0,72,3,NE,2,26.5,49,3.0,SSW,9,Sunny,1,3,28.3,16.142857142857142,38.0,3.0,60.5,41.0,0.0,5.5,9.5,47.5,1.00711743772242,1.121031746031746
100,2024-03-05,11.8,32.1,0.0,11.3,N,31.0,09:40,14.3,78,1,NE,9,30.2,26,1.0,N,13,Sunny,5,3,29.04285714285714,16.37142857142857,38.285714285714285,1.0,52.0,37.0,0.0,3.0,11.0,60.5,0.9047619047619047,1.3874092009685228
101,2024-03-08,14.2,26.0,0.0,9.8,SSW,26.0,15:08,17.7,75,7,N,6,23.6,58,1.0,SSW,13,Sunny,8,3,30.742857142857144,15.6,38.285714285714285,4.0,66.5,33.0,0.0,4.5,8.1,55.0,1.1824175824175824,1.0985915492957747
102,2024-03-09,16.9,37.6,0.0,11.4,N,57.0,09:15,21.2,73,0,NNE,6,35.9,29,3.0,N,24,Sunny,9,3,30.285714285714285,15.314285714285715,38.0,1.5,51.0,26.0,0.0,4.0,9.8,66.5,0.8054711246200608,0.9061707523245985
103,2024-03-10,21.2,36.9,0.0,11.1,N,39.0,09:01,28.4,35,1,N,19,36.2,26,2.0,NNW,19,Sunny,10,3,30.814285714285717,14.971428571428572,40.285714285714285,1.5,30.5,57.0,0.0,1.5,11.4,51.0,0.8350754936120791,0.706199460916442
104,2024-03-11,20.5,35.1,0.0,9.2,NNW,44.0,14:46,23.6,55,7,NNE,9,33.6,27,6.0,N,22,Sunny,11,3,30.95714285714286,14.928571428571429,37.714285714285715,6.5,41.0,39.0,0.0,1.5,11.1,30.5,0.881969881969882,0.7282229965156795
105,2024-03-12,22.8,23.1,0.0,0.3,SSW,35.0,10:35,22.9,71,7,SSW,15,20.4,74,8.0,SSW,11,Cloudy,12,3,31.557142857142857,16.185714285714287,38.142857142857146,7.5,72.5,44.0,0.0,6.5,9.2,41.0,1.3661100803957946,0.7098997493734336
106,2024-03-15,15.7,27.8,0.0,10.0,SSE,30.0,17:29,18.5,76,3,E,2,26.9,41,1.0,SSW,6,Sunny,15,3,30.842857142857145,17.385714285714286,37.857142857142854,2.0,58.5,35.0,0.0,7.5,0.3,72.5,1.1094552929085304,1.1073703366696999
107,2024-03-16,14.4,29.6,0.0,10.9,S,26.0,14:54,17.1,77,0,NNE,7,29.0,30,1.0,ENE,9,Sunny,16,3,30.22857142857143,17.942857142857143,37.714285714285715,0.5,53.5,30.0,0.0,2.0,10.0,58.5,1.0212355212355213,1.246031746031746
108,2024-03-17,17.1,30.2,0.0,10.6,SSE,33.0,17:16,20.6,60,5,N,11,27.4,39,4.0,S,11,Sunny,17,3,30.87142857142857,17.957142857142856,36.714285714285715,4.5,49.5,26.0,0.0,0.5,10.9,53.5,1.022232734153264,1.0501253132832078
109,2024-03-18,16.3,31.9,0.0,11.0,NNW,26.0,10:33,19.9,64,1,ENE,6,29.5,33,4.0,NE,9,Sunny,18,3,31.47142857142857,18.37142857142857,37.714285714285715,2.5,48.5,33.0,0.0,4.5,10.6,49.5,0.9865651589789521,1.1270815074496054
110,2024-03-24,12.2,22.3,0.0,7.8,SSW,22.0,15:52,14.6,59,7,WNW,6,21.2,44,1.0,S,9,Sunny,24,3,28.214285714285715,16.95714285714286,32.42857142857143,4.0,51.5,33.0,0.0,6.0,6.8,69.0,1.2652146060217808,1.389929742388759
111,2024-03-25,14.3,22.6,0.0,10.9,S,26.0,12:42,15.4,67,1,NNW,13,21.1,53,1.0,SSW,11,Sunny,25,3,26.385714285714283,15.771428571428572,29.285714285714285,1.0,60.0,22.0,0.0,4.0,7.8,51.5,1.1675094816687734,1.1028971028971029
112,2024-03-29,10.6,28.0,0.0,10.6,N,31.0,11:57,12.9,83,0,NNE,6,25.9,42,1.0,SW,7,Sunny,29,3,26.314285714285717,14.557142857142859,28.0,0.5,62.5,26.0,0.0,1.0,10.9,60.0,0.939795918367347,1.3733153638814017
113,2024-03-30,12.9,22.4,0.0,9.9,SSW,24.0,13:03,15.0,91,7,NNE,7,21.6,58,1.0,SSW,13,Sunny,30,3,26.342857142857145,13.828571428571427,28.142857142857142,4.0,74.5,31.0,0.0,0.5,10.6,62.5,1.1760204081632655,1.0719822812846067
114,2024-04-01,14.0,28.2,0.0,2.3,N,43.0,10:59,16.5,69,7,NNE,9,22.2,71,7.0,NNE,15,Cloudy,1,4,25.314285714285713,13.614285714285716,27.857142857142858,7.0,70.0,24.0,0.0,4.0,9.9,74.5,0.8976697061803445,0.9724489795918368
115,2024-04-03,12.5,16.6,2.2,1.0,SSW,24.0,09:43,14.0,77,5,SW,6,15.2,90,7.0,SW,2,Rainy,3,4,25.028571428571432,13.171428571428573,29.285714285714285,6.0,83.5,43.0,0.0,7.0,2.3,70.0,1.5077452667814115,1.0537142857142858
116,2024-04-05,11.5,20.6,0.0,7.5,SSW,31.0,15:19,13.9,70,7,N,6,19.6,63,5.0,SW,13,Windy,5,4,22.842857142857145,12.62857142857143,29.0,6.0,66.5,24.0,2.2,6.0,1.0,83.5,1.108876560332871,1.098136645962733
117,2024-04-10,11.7,17.8,2.4,0.2,SSW,33.0,21:22,14.6,70,7,WSW,9,16.8,67,7.0,S,13,Rainy,10,4,22.928571428571427,12.814285714285713,28.428571428571427,7.0,68.5,20.0,0.0,7.0,0.5,68.5,1.2881219903691812,1.0952380952380951
118,2024-04-18,11.4,16.9,4.0,1.8,NW,30.0,16:51,13.4,77,7,W,9,16.5,56,7.0,W,9,Rainy,18,4,22.24285714285714,12.442857142857141,29.428571428571427,7.0,66.5,33.0,2.4,7.0,0.2,68.5,1.31614539306847,1.0914786967418544
119,2024-04-22,6.9,24.3,0.0,9.9,N,31.0,16:00,10.4,84,1,N,9,24.0,33,1.0,N,15,Sunny,22,4,20.657142857142855,12.557142857142859,29.285714285714285,1.0,58.5,30.0,4.0,7.0,1.8,66.5,0.8500881834215166,1.8198757763975157
120,2024-04-23,10.3,25.3,0.0,8.2,N,41.0,11:19,19.2,40,3,NNW,13,24.6,32,8.0,NNW,22,Sunny,23,4,20.928571428571427,11.700000000000001,30.285714285714285,5.5,36.0,31.0,0.0,1.0,9.9,58.5,0.8272162619988707,1.1359223300970873
121,2024-04-25,11.0,15.9,0.2,1.2,S,33.0,15:17,13.4,69,7,W,11,15.5,60,7.0,S,15,Windy,25,4,20.514285714285712,11.171428571428573,30.0,7.0,64.5,41.0,0.0,5.5,8.2,36.0,1.2902066486972146,1.0155844155844156
122,2024-04-26,12.3,15.3,0.0,0.2,WSW,28.0,12:54,13.5,63,7,SW,7,14.7,58,7.0,S,9,Cloudy,26,4,20.414285714285715,10.957142857142857,31.285714285714285,7.0,60.5,33.0,0.2,7.0,1.2,64.5,1.334267040149393,0.8908246225319396
123,2024-04-28,7.9,22.6,0.0,8.3,N,35.0,13:18,10.4,78,7,NNE,7,22.0,38,3.0,N,13,Sunny,28,4,19.657142857142855,11.071428571428571,30.857142857142858,5.0,58.0,28.0,0.0,7.0,0.2,60.5,0.8697850821744626,1.4014466546112114
124,2024-04-29,10.4,16.4,0.0,0.0,S,28.0,14:17,15.6,65,7,WSW,6,15.2,64,7.0,S,13,Cloudy,29,4,19.72857142857143,10.214285714285714,33.0,7.0,64.5,35.0,0.0,5.0,8.3,58.0,1.2029616724738679,0.982142857142857
125,2024-04-30,10.5,15.3,0.0,2.8,SSE,30.0,11:00,12.5,73,7,SE,9,14.9,59,7.0,SE,13,Cloudy,30,4,19.52857142857143,10.028571428571428,32.285714285714285,7.0,66.0,28.0,0.0,7.0,0.0,64.5,1.276377217553688,0.9551020408163265
126,2024-05-17,7.6,15.8,0.0,1.4,SW,35.0,14:55,12.2,83,5,NNW,9,12.7,90,7.0,SSW,17,Windy,17,5,17.02857142857143,10.642857142857142,26.285714285714285,6.0,86.5,13.0,14.0,8.0,0.1,94.5,1.077757685352622,1.400375939849624
127,2024-05-19,6.2,15.4,0.0,0.2,NW,26.0,03:52,11.4,74,7,NW,6,14.1,95,7.0,WNW,2,Cloudy,19,5,17.014285714285716,10.157142857142858,26.571428571428573,7.0,84.5,35.0,0.0,6.0,1.4,86.5,1.1048237476808906,1.6382488479262673
128,2024-05-20,10.2,14.7,3.2,0.7,SSW,24.0,00:05,11.0,100,7,SW,7,13.9,76,7.0,SSW,11,Rainy,20,5,17.028571428571432,9.285714285714286,26.285714285714285,7.0,88.0,26.0,0.0,7.0,0.2,84.5,1.1584062196307097,0.9103641456582634
129,2024-05-21,10.3,14.7,0.8,0.4,SSW,19.0,12:56,11.6,88,8,SSW,4,13.6,66,6.0,S,9,Cloudy,21,5,15.9,9.614285714285714,24.714285714285715,7.0,77.0,24.0,3.2,7.0,0.7,88.0,1.0816326530612246,0.9334257975034673
130,2024-05-24,5.9,13.7,0.0,0.0,SSW,15.0,15:46,9.0,83,7,NE,6,13.6,82,7.0,SSW,2,Cloudy,24,5,15.657142857142858,9.599999999999998,23.428571428571427,7.0,82.5,19.0,0.8,7.0,0.4,77.0,1.142857142857143,1.627118644067796
131,2024-05-30,12.9,20.4,0.0,0.2,N,65.0,09:48,17.4,60,7,N,20,20.0,52,8.0,N,24,Cloudy,30,5,15.428571428571429,8.942857142857141,21.285714285714285,7.5,56.0,15.0,0.0,7.0,0.0,82.5,0.7563025210084034,0.6932447397563675
132,2024-06-03,8.2,14.6,0.8,1.6,S,24.0,13:15,9.6,89,7,SW,6,13.4,64,5.0,SSW,11,Cloudy,3,6,15.514285714285714,8.357142857142858,31.285714285714285,6.0,76.5,35.0,0.2,6.5,0.9,78.0,1.0626223091976517,1.0191637630662023
133,2024-06-04,7.2,13.8,0.0,0.2,NW,20.0,02:04,11.1,65,7,NNW,13,12.8,60,7.0,S,6,Cloudy,4,6,15.342857142857143,8.442857142857143,29.714285714285715,7.0,62.5,24.0,0.8,6.0,1.6,76.5,1.1118012422360248,1.1726190476190477
134,2024-06-05,8.6,14.7,0.0,2.1,S,24.0,15:18,10.5,84,7,NNE,2,14.4,63,7.0,SSW,7,Cloudy,5,6,15.114285714285714,8.585714285714285,28.857142857142858,7.0,73.5,20.0,0.0,7.0,0.2,62.5,1.0281827016520895,0.9983388704318937
135,2024-06-06,8.9,17.1,0.0,4.5,SSE,31.0,12:56,11.4,84,7,S,2,16.3,60,3.0,SSE,11,Windy,6,6,15.114285714285716,8.357142857142858,28.857142857142858,5.0,72.0,24.0,0.0,7.0,2.1,73.5,0.8838763575605681,0.9390048154093098
136,2024-06-08,7.8,14.3,0.2,0.1,S,17.0,12:13,11.2,100,7,SE,2,12.9,95,7.0,SSW,9,Cloudy,8,6,15.457142857142857,8.157142857142857,30.571428571428573,7.0,97.5,31.0,0.0,5.0,4.5,72.0,1.080919080919081,1.0457875457875458
137,2024-06-09,11.1,14.6,0.4,0.1,NW,19.0,04:31,11.8,99,8,WSW,6,13.7,67,7.0,SSW,6,Cloudy,9,6,15.542857142857143,8.428571428571429,30.857142857142858,7.5,83.0,17.0,0.2,7.0,0.1,97.5,1.0645792563600782,0.7593307593307593
138,2024-06-11,7.2,16.8,2.8,2.6,N,61.0,07:15,12.2,79,8,N,28,15.7,64,4.0,NNW,15,Rainy,11,6,14.714285714285717,8.17142857142857,24.285714285714285,6.0,71.5,19.0,0.4,7.5,0.1,83.0,0.8758503401360546,1.1349206349206349
139,2024-06-20,3.1,13.9,0.0,0.7,SSE,17.0,20:49,7.1,73,7,NNE,7,11.3,58,7.0,SSW,7,Cloudy,20,6,14.571428571428571,8.0,28.857142857142858,7.0,65.5,33.0,0.0,6.5,4.1,82.5,1.0483042137718397,2.5806451612903225
140,2024-06-24,2.9,13.5,0.0,3.0,N,39.0,12:28,6.7,81,7,NNE,9,12.5,57,6.0,NNE,15,Windy,24,6,13.9,6.514285714285714,26.857142857142858,6.5,69.0,24.0,0.0,7.0,1.1,75.0,1.0296296296296297,2.2463054187192117
141,2024-06-25,6.7,16.8,0.0,6.1,N,43.0,01:55,10.3,75,7,N,9,16.5,45,4.0,N,19,Windy,25,6,13.785714285714286,5.814285714285715,30.0,5.5,60.0,39.0,0.0,6.5,3.0,69.0,0.8205782312925171,0.8678038379530918
142,2024-06-29,12.0,12.9,0.0,0.0,N,50.0,00:32,12.8,51,7,N,19,10.6,89,7.0,NW,7,Cloudy,29,6,14.099999999999998,5.185714285714285,33.42857142857143,7.0,70.0,43.0,0.0,5.5,6.1,60.0,1.0930232558139532,0.4321428571428571
143,2024-06-30,7.0,12.2,7.0,4.0,SSE,35.0,12:45,7.6,87,6,SW,6,10.7,77,7.0,SSW,11,Windy,30,6,13.542857142857143,5.871428571428572,31.857142857142858,6.5,82.0,50.0,0.0,7.0,0.0,70.0,1.1100702576112413,0.8387755102040817
144,2024-07-08,3.5,16.6,0.0,0.3,NNE,41.0,13:15,9.4,77,7,NNE,4,15.5,65,7.0,NNE,22,Windy,8,7,13.414285714285715,5.4142857142857155,32.142857142857146,7.0,71.0,17.0,0.0,7.5,0.0,91.5,0.8080895008605852,1.5469387755102044
145,2024-07-09,9.3,13.1,8.4,0.0,SSW,30.0,17:37,11.4,100,8,W,6,12.3,100,8.0,SW,9,Rainy,9,7,13.799999999999999,5.471428571428572,35.57142857142857,8.0,100.0,41.0,0.0,7.0,0.3,71.0,1.0534351145038168,0.588325652841782
146,2024-07-10,10.2,14.3,11.8,3.8,NNE,35.0,23:38,10.5,80,7,WNW,9,12.9,63,1.0,N,9,Windy,10,7,13.785714285714286,6.228571428571429,36.42857142857143,4.0,71.5,30.0,8.4,8.0,0.0,100.0,0.964035964035964,0.6106442577030813
147,2024-07-11,9.7,13.6,0.0,0.3,N,52.0,16:23,12.1,69,7,NNE,17,13.4,62,7.0,N,28,Windy,11,7,13.900000000000002,7.271428571428572,35.857142857142854,7.0,65.5,35.0,11.8,4.0,3.8,71.5,1.022058823529412,0.7496318114874817
148,2024-07-16,9.0,13.6,19.6,0.0,S,37.0,02:02,12.1,100,8,SSW,9,13.0,88,8.0,SSW,9,Rainy,16,7,13.442857142857141,7.7,37.142857142857146,8.0,94.0,52.0,0.0,7.0,0.3,65.5,0.9884453781512604,0.8555555555555556
149,2024-07-17,8.6,14.0,0.2,1.2,SSW,33.0,18:57,10.3,100,8,SW,4,12.3,85,7.0,SW,13,Windy,17,7,13.542857142857143,7.271428571428571,35.285714285714285,7.5,92.5,37.0,19.6,8.0,0.0,94.0,0.9673469387755101,0.845514950166113
150,2024-07-19,7.7,12.1,0.0,0.1,N,57.0,20:16,9.5,66,7,N,20,11.2,67,8.0,N,28,Windy,19,7,13.799999999999999,7.5,35.0,7.5,66.5,33.0,0.2,7.5,1.2,92.5,1.140495867768595,0.974025974025974
151,2024-07-20,9.5,12.2,0.0,0.1,N,46.0,00:09,10.8,60,7,NW,20,11.7,85,7.0,W,15,Windy,20,7,13.9,8.285714285714286,40.714285714285715,7.0,72.5,57.0,0.0,7.5,0.1,66.5,1.139344262295082,0.8721804511278196
152,2024-07-21,7.9,16.6,4.0,4.6,NW,31.0,14:44,10.0,76,5,N,11,14.3,62,7.0,N,17,Windy,21,7,13.271428571428572,9.142857142857142,41.42857142857143,6.0,69.0,46.0,0.0,7.0,0.1,72.5,0.7994836488812392,1.1573236889692584
153,2024-07-23,11.1,17.7,0.0,7.1,NNW,50.0,15:19,12.7,57,7,N,17,17.0,46,7.0,N,19,Windy,23,7,13.771428571428572,8.942857142857143,41.57142857142857,7.0,51.5,31.0,4.0,6.0,4.6,69.0,0.7780468119451172,0.8056628056628057
154,2024-07-24,11.0,15.8,0.2,1.1,N,56.0,15:45,11.6,56,7,N,19,15.7,48,8.0,N,22,Windy,24,7,14.257142857142856,9.071428571428571,43.714285714285715,7.5,52.0,50.0,0.0,7.0,7.1,51.5,0.9023508137432187,0.8246753246753247
155,2024-07-25,11.5,13.7,0.0,1.9,N,54.0,02:09,12.7,64,8,N,15,12.5,77,7.0,N,9,Windy,25,7,14.571428571428571,9.257142857142856,44.285714285714285,7.5,70.5,56.0,0.2,7.5,1.1,52.0,1.0636079249217936,0.8049689440993788
156,2024-07-27,9.7,11.8,0.0,1.7,W,52.0,17:48,10.2,74,7,N,19,9.1,86,7.0,SW,6,Windy,27,7,14.585714285714287,9.614285714285714,46.714285714285715,7.0,80.0,54.0,0.0,7.5,1.9,70.5,1.2360774818401938,0.9911634756995582
157,2024-07-28,5.4,11.7,6.2,4.1,SSW,41.0,14:24,7.1,82,6,WSW,11,11.2,57,7.0,SSW,13,Windy,28,7,14.271428571428572,9.771428571428572,49.42857142857143,6.5,69.5,52.0,0.0,7.0,1.7,80.0,1.2197802197802199,1.8095238095238095
158,2024-08-03,6.8,14.5,0.0,0.2,N,26.0,08:16,11.5,62,7,N,13,13.5,57,7.0,S,7,Cloudy,3,8,14.142857142857142,9.085714285714285,43.0,7.0,59.5,17.0,2.8,7.5,0.3,96.5,0.9753694581280787,1.3361344537815125
159,2024-08-07,8.2,17.9,0.0,8.1,N,35.0,15:53,10.8,74,7,N,13,16.3,52,5.0,N,17,Windy,7,8,13.842857142857143,8.928571428571429,42.285714285714285,6.0,63.0,26.0,0.0,7.0,0.2,59.5,0.773343974461293,1.088850174216028
160,2024-08-08,9.6,14.0,0.0,1.2,N,50.0,10:38,11.9,62,7,N,24,13.4,60,7.0,N,22,Windy,8,8,13.87142857142857,8.514285714285714,40.142857142857146,7.0,61.0,35.0,0.0,6.0,8.1,63.0,0.9908163265306121,0.886904761904762
161,2024-08-16,12.1,16.6,0.0,1.0,NNW,43.0,09:43,16.1,77,7,N,19,16.1,65,7.0,NNW,15,Cloudy,16,8,13.614285714285714,8.314285714285713,39.285714285714285,7.0,71.0,50.0,0.0,7.0,1.2,61.0,0.8201376936316694,0.6871310507674143
162,2024-08-17,10.3,15.0,0.8,1.7,S,20.0,13:42,11.4,83,8,N,9,14.6,60,7.0,SW,9,Cloudy,17,8,14.028571428571427,8.4,37.714285714285715,7.5,71.5,43.0,0.0,7.0,1.0,71.0,0.9352380952380951,0.8155339805825242
163,2024-08-19,6.2,18.6,0.2,8.9,N,33.0,13:43,8.0,100,7,NE,9,17.8,58,1.0,N,19,Windy,19,8,14.485714285714286,8.485714285714286,33.142857142857146,4.0,79.0,20.0,0.8,7.5,1.7,71.5,0.7788018433179723,1.368663594470046
164,2024-08-20,7.8,17.9,0.4,3.6,NNW,50.0,11:04,16.5,65,7,N,13,15.5,73,7.0,NNE,17,Windy,20,8,15.471428571428572,8.6,32.0,7.0,69.0,33.0,0.2,4.0,8.9,79.0,0.8643256185155628,1.1025641025641026
165,2024-08-23,10.8,18.9,0.0,1.9,N,48.0,22:34,13.8,71,7,N,17,18.1,53,7.0,N,19,Windy,23,8,16.357142857142858,8.714285714285714,36.714285714285715,7.0,62.0,50.0,0.4,7.0,3.6,69.0,0.8654572940287227,0.8068783068783068
166,2024-08-27,12.4,20.2,0.0,1.3,NNW,63.0,16:00,14.7,67,7,NNE,17,19.1,51,7.0,N,33,Cloudy,27,8,16.985714285714284,9.285714285714286,39.857142857142854,7.0,59.0,48.0,0.0,7.0,1.9,62.0,0.8408769448373408,0.7488479262672811
167,2024-08-29,11.1,17.6,0.8,3.7,N,65.0,23:47,12.4,67,7,NNW,15,15.7,57,6.0,N,20,Windy,29,8,17.314285714285713,9.885714285714286,43.857142857142854,6.5,62.0,63.0,0.0,7.0,1.3,59.0,0.9837662337662336,0.8906048906048907
168,2024-09-11,11.8,19.6,0.0,1.8,SSW,33.0,20:52,16.2,59,7,SW,6,14.5,85,7.0,S,6,Windy,11,9,17.82857142857143,10.1,46.0,7.0,72.0,65.0,0.8,6.5,3.7,62.0,0.9096209912536443,0.8559322033898304
169,2024-09-12,9.3,14.3,8.2,10.2,SSW,35.0,13:25,12.6,53,7,SE,15,13.6,60,3.0,SSW,17,Windy,12,9,18.257142857142856,10.057142857142859,44.57142857142857,5.0,56.5,33.0,0.0,7.0,1.8,72.0,1.2767232767232766,1.0814132104454686
170,2024-09-14,9.1,10.8,3.4,1.8,S,46.0,12:30,9.2,88,7,SSW,17,9.7,66,7.0,S,11,Rainy,14,9,18.15714285714286,9.914285714285715,46.714285714285715,7.0,77.0,35.0,8.2,5.0,10.2,56.5,1.6812169312169312,1.0894819466248038
171,2024-09-15,5.9,13.0,2.2,7.5,SSW,35.0,15:18,10.5,61,5,SE,11,12.1,52,4.0,SSW,19,Windy,15,9,17.04285714285714,10.328571428571427,48.57142857142857,4.5,56.5,46.0,3.4,7.0,1.8,77.0,1.3109890109890108,1.750605326876513
172,2024-09-16,8.8,14.4,0.0,1.2,SSW,43.0,11:32,11.9,63,5,WSW,13,13.7,71,7.0,SW,11,Windy,16,9,16.342857142857145,10.057142857142859,46.42857142857143,6.0,67.0,35.0,2.2,4.5,7.5,56.5,1.134920634920635,1.142857142857143
173,2024-09-19,10.9,16.4,0.4,6.6,NW,43.0,10:02,13.8,59,7,WNW,13,14.0,59,7.0,WSW,15,Windy,19,9,15.700000000000001,9.771428571428572,45.714285714285715,7.0,59.0,43.0,0.0,6.0,1.2,67.0,0.9573170731707319,0.8964613368283093
174,2024-09-20,8.7,18.3,1.4,2.7,W,50.0,18:15,12.7,61,7,NNW,13,17.6,45,7.0,NNW,15,Windy,20,9,15.157142857142857,9.557142857142859,42.857142857142854,7.0,53.0,43.0,0.4,7.0,6.6,59.0,0.8282591725214675,1.098522167487685
175,2024-09-21,10.9,17.5,6.4,2.8,NW,39.0,14:25,12.4,69,7,NW,13,17.0,45,7.0,NNW,15,Rainy,21,9,15.257142857142858,9.214285714285714,40.714285714285715,7.0,57.0,50.0,1.4,7.0,2.7,53.0,0.8718367346938776,0.8453473132372213
176,2024-09-22,11.6,20.3,0.2,7.1,WNW,33.0,11:02,14.7,63,7,NW,9,19.9,40,7.0,WNW,11,Windy,22,9,14.957142857142857,9.085714285714285,41.57142857142857,7.0,51.5,39.0,6.4,7.0,2.8,57.0,0.7368050668543279,0.7832512315270936
177,2024-09-23,11.1,18.3,0.2,4.8,NW,31.0,11:36,15.2,62,6,N,15,18.0,54,7.0,NW,11,Windy,23,9,15.814285714285715,9.414285714285713,41.285714285714285,6.5,58.0,33.0,0.2,7.0,7.1,51.5,0.8641686182669789,0.8481338481338481
178,2024-09-24,10.4,25.3,0.0,2.4,N,39.0,12:35,16.9,60,7,N,17,23.3,37,7.0,SW,9,Windy,24,9,16.885714285714286,9.700000000000001,39.142857142857146,7.0,48.5,31.0,0.2,6.5,4.8,58.0,0.6674195369847544,0.9326923076923077
179,2024-09-26,9.0,13.8,7.8,2.2,S,39.0,06:10,12.1,57,7,S,15,12.3,58,7.0,S,17,Rainy,26,9,18.642857142857142,10.342857142857142,39.714285714285715,7.0,57.5,39.0,0.0,7.0,2.4,48.5,1.3509316770186335,1.1492063492063491
180,2024-09-28,6.8,22.0,0.0,9.0,N,44.0,10:13,15.7,52,5,N,19,21.7,37,7.0,NNE,20,Sunny,28,9,18.557142857142857,10.37142857142857,39.142857142857146,6.0,44.5,39.0,7.8,7.0,2.2,57.5,0.8435064935064935,1.5252100840336134
181,2024-09-29,15.6,17.3,0.0,1.0,N,54.0,08:31,15.6,59,7,NNW,24,15.3,81,7.0,N,13,Cloudy,29,9,19.357142857142858,9.785714285714286,39.285714285714285,7.0,70.0,44.0,0.0,6.0,9.0,44.5,1.1189099917423617,0.6272893772893774
182,2024-10-03,8.0,26.1,0.0,11.3,N,39.0,09:40,17.1,65,2,NNE,7,25.8,34,2.0,N,15,Sunny,3,10,19.214285714285715,10.771428571428572,39.857142857142854,2.0,49.5,54.0,0.0,7.0,1.0,70.0,0.7361795292829776,1.3464285714285715
183,2024-10-05,11.9,20.1,0.2,6.1,NNW,44.0,11:41,17.3,56,7,NNW,15,15.1,88,8.0,WSW,2,Windy,5,10,20.442857142857143,10.357142857142858,39.857142857142854,7.5,72.0,39.0,0.0,2.0,11.3,49.5,1.0170575692963753,0.8703481392557023
184,2024-10-07,14.2,18.0,0.2,0.2,SW,44.0,12:53,15.6,64,7,NNW,17,14.4,78,7.0,S,11,Cloudy,7,10,20.414285714285715,10.4,41.42857142857143,7.0,71.0,44.0,0.2,7.5,6.1,72.0,1.134126984126984,0.7323943661971831
185,2024-10-10,10.3,20.0,0.0,10.6,N,50.0,07:02,15.3,58,6,N,20,17.5,49,1.0,S,15,Windy,10,10,20.371428571428574,10.842857142857143,43.285714285714285,3.5,53.5,44.0,0.2,7.0,0.2,71.0,1.0185714285714287,1.0527045769764216
186,2024-10-13,7.2,24.3,0.0,10.2,N,48.0,09:23,15.8,52,5,N,15,23.0,32,7.0,N,24,Sunny,13,10,19.614285714285717,10.828571428571427,44.857142857142854,6.0,42.0,50.0,0.0,3.5,10.6,53.5,0.8071722516166961,1.5039682539682537
187,2024-10-15,10.4,26.9,0.0,8.1,NE,28.0,12:15,14.6,77,3,NNW,2,25.8,38,7.0,NE,9,Sunny,15,10,21.114285714285717,10.571428571428571,46.142857142857146,5.0,57.5,48.0,0.0,6.0,10.2,42.0,0.7849176845459375,1.0164835164835164
188,2024-10-21,9.8,27.8,0.0,11.5,E,22.0,14:59,14.0,79,4,NNE,9,25.2,45,1.0,SSW,6,Sunny,21,10,21.814285714285713,11.085714285714285,43.857142857142854,2.5,62.0,28.0,0.0,5.0,8.1,57.5,0.7846865364850976,1.131195335276968
189,2024-10-22,13.9,30.6,0.0,8.3,S,44.0,15:27,22.0,48,7,N,22,29.7,32,6.0,N,20,Sunny,22,10,23.314285714285713,10.257142857142856,39.285714285714285,6.5,40.0,22.0,0.0,2.5,11.5,62.0,0.7619047619047619,0.73792394655704
190,2024-10-24,10.4,16.9,0.0,11.5,S,35.0,12:59,13.4,59,5,WSW,11,15.5,49,7.0,S,17,Windy,24,10,23.957142857142856,11.1,40.0,6.0,54.0,44.0,0.0,6.5,8.3,40.0,1.4175824175824177,1.0673076923076923
191,2024-10-27,11.5,25.7,0.0,6.5,NNW,39.0,09:00,18.9,35,7,N,17,25.4,31,5.0,SSW,7,Windy,27,10,23.5,10.885714285714284,38.714285714285715,6.0,33.0,35.0,0.0,6.0,11.5,54.0,0.914396887159533,0.9465838509316769
